{
  "images": [
    {
      "scale": "2x",
      "size": "20x20",
      "idiom": "iphone",
      "filename": "AppIcon-20@2x.png"
    },
    {
      "scale": "3x",
      "size": "20x20",
      "idiom": "iphone",
      "filename": "AppIcon-20@3x.png"
    },
    {
      "scale": "2x",
      "size": "29x29",
      "idiom": "iphone",
      "filename": "AppIcon-29@2x.png"
    },
    {
      "scale": "3x",
      "size": "29x29",
      "idiom": "iphone",
      "filename": "AppIcon-29@3x.png"
    },
    {
      "scale": "2x",
      "size": "40x40",
      "idiom": "iphone",
      "filename": "AppIcon-40@2x.png"
    },
    {
      "scale": "3x",
      "size": "40x40",
      "idiom": "iphone",
      "filename": "AppIcon-40@3x.png"
    },
    {
      "scale": "2x",
      "size": "60x60",
      "idiom": "iphone",
      "filename": "AppIcon@2x.png"
    },
    {
      "scale": "3x",
      "size": "60x60",
      "idiom": "iphone",
      "filename": "AppIcon@3x.png"
    },
    {
      "scale": "1x",
      "size": "20x20",
      "idiom": "ipad",
      "filename": "AppIcon-20~ipad.png"
    },
    {
      "scale": "2x",
      "size": "20x20",
      "idiom": "ipad",
      "filename": "AppIcon-20@2x~ipad1.png"
    },
    {
      "scale": "1x",
      "size": "29x29",
      "idiom": "ipad",
      "filename": "AppIcon-29~ipad.png"
    },
    {
      "scale": "2x",
      "size": "29x29",
      "idiom": "ipad",
      "filename": "AppIcon-29@2x~ipad.png"
    },
    {
      "scale": "1x",
      "size": "40x40",
      "idiom": "ipad",
      "filename": "AppIcon-20@2x~ipad.png"
    },
    {
      "scale": "2x",
      "size": "40x40",
      "idiom": "ipad",
      "filename": "AppIcon-40@2x~ipad.png"
    },
    {
      "scale": "1x",
      "size": "76x76",
      "idiom": "ipad",
      "filename": "AppIcon~ipad.png"
    },
    {
      "scale": "2x",
      "size": "76x76",
      "idiom": "ipad",
      "filename": "AppIcon@2x~ipad.png"
    },
    {
      "scale": "2x",
      "size": "83.5x83.5",
      "idiom": "ipad",
      "filename": "AppIcon-83.5@2x~ipad.png"
    },
    {
      "scale": "1x",
      "size": "1024x1024",
      "idiom": "ios-marketing",
      "filename": "AppIcon~ios-marketing1.png"
    }
  ],
  "properties": {},
  "info": {
    "version": 1,
    "author": "xcode"
  }
}